INSERT INTO `funside`.`user` (`username`, `password`, `name`, `surname`, `type`) VALUES
('jdoe', 'password123', 'John', 'Doe', 'client'),
('asmith', 'securepass', 'Alice', 'Smith', 'admin'),
('bwhite', 'pass2021', 'Bob', 'White', 'client'),
('mjohnson', 'mypassword', 'Mary', 'Johnson', 'client'),
('rthompson', 'adminpass', 'Robert', 'Thompson', 'admin'),
('emiller', 'safe2022', 'Emily', 'Miller', 'client'),
('dwilliams', 'passchange', 'David', 'Williams', 'client'),
('lgarcia', 'newpass', 'Laura', 'Garcia', 'client'),
('klee', 'password', 'Kevin', 'Lee', 'client'),
('nicho', 'pass', 'Nicholas', 'Ricci', 'client'),
('nichoA', 'passA', 'NicholasA', 'RicciA', 'admin'),
('nmartin', 'mypass', 'Nancy', 'Martin', 'client');

INSERT INTO `funside`.`address` (`user`, `add`) VALUES
('jdoe', '123 Main Street, Springfield'),
('bwhite', '789 Oak Avenue, Capital City'),
('mjohnson', '101 Maple Drive, Ogdenville'),
('emiller', '303 Cedar Court, Brockway'),
('dwilliams', '404 Walnut Lane, Springfield'),
('lgarcia', '505 Birch Road, Shelbyville'),
('klee', '606 Aspen Circle, Capital City'),
('nmartin', '707 Spruce Avenue, Ogdenville');

INSERT INTO `funside`.`producttype` (`type`, `description`, `image`) VALUES
('Gioco da tavolo', 'Un gioco da tavolo adatto a tutta la famiglia', 'boardgame.jpg'),
('Gioco di carte', 'Un gioco di carte stimolante e divertente', 'cardgame.jpeg'),
('Puzzle', 'Un puzzle complesso e coinvolgente', 'puzzle.jpeg'),
('Outdoor', 'Attrezzatura sportiva per attività all aperto', 'outdoor.jpeg'),
('Videogioco', 'Un videogioco emozionante e coinvolgente', 'videogame.jpeg'),
('Giocattolo', 'Giocattoli educativi e divertenti per tutte le età', 'toy.jpeg'),
('Strategia', 'Giochi da tavolo basati sulla strategia e sul ragionamento', 'strategy.jpeg'),
('Azione', 'Videogiochi pieni di azione e adrenalina', 'action.png'),
('Educativo', 'Giochi e puzzle con finalità educative', 'educational.jpeg'),
('Party', 'Giochi ideali per feste e momenti di socializzazione', 'party.jpg'),
('Fumetto', 'Fumetti di ogni genere, dai classici ai moderni', 'fumetto.jpg'),
('Manga', 'Manga giapponesi, dai più famosi ai meno conosciuti', 'manga.jpg'),
('Graphic Novel', 'Romanzi grafici con storie avvincenti e illustrate', 'graphic-novels.jpg'),
('Funko Pop', 'Collezione di Funko Pop di personaggi famosi', 'funko.png');


INSERT INTO `funside`.`product` (`name`, `price`, `description`, `brand`, `type`, `image`, `availability`) VALUES
('Scacchi', 29.99, 'Un classico intramontabile degli scacchi, perfetto per allenare la mente e sviluppare strategie vincenti. Include una scacchiera in legno e pezzi finemente lavorati.', 'GameMaster', 'Gioco da tavolo', 'chess.jpg', 4),
('Uno', 9.99, 'Un divertente gioco di carte adatto a tutta la famiglia. Le regole semplici ma avvincenti garantiscono sfide emozionanti tra amici e parenti.', 'Mattel', 'Gioco di carte', 'uno.png', 100),
('Cubo di Rubik', 15.49, 'Il celebre rompicapo 3x3 che mette alla prova la tua abilità logica e la velocità di risoluzione. Perfetto per sfide personali e competizioni.', 'Rubik', 'Puzzle', 'rubik.png', 75),
('Frisbee', 12.00, 'Disco aerodinamico ideale per il divertimento all aperto. Perfetto per giochi in spiaggia, al parco o in giardino.', 'Wham-O', 'Outdoor', 'frisbee.jpeg', 120),
('Monopoly', 34.99, 'Il famoso gioco da tavolo di compravendita immobiliare. Acquista proprietà, costruisci case e hotel e diventa il monopolista della città.', 'Hasbro', 'Gioco da tavolo', 'monopoly.jpeg', 40),
('EA Sports FC25', 59.99, 'Un simulatore di calcio realistico con licenze ufficiali, grafica migliorata e modalità di gioco innovative per un esperienza unica.', 'EA Sports', 'Videogioco', 'easportsfc25.jpeg', 80),
('Catan', 39.99, 'Un avvincente gioco di strategia dove i giocatori devono colonizzare un isola, scambiando risorse e costruendo strade e insediamenti.', 'Catan Studios', 'Strategia', 'catan.jpeg', 60),
('Mario Kart', 54.99, 'Un gioco di corse iconico con i personaggi Nintendo. Gareggia su circuiti mozzafiato con potenziamenti e sfide multiplayer.', 'Nintendo', 'Videogioco', 'mariokart.jpeg', 70),
('Jenga', 14.99, 'Un gioco di abilità e destrezza in cui i giocatori devono rimuovere blocchi da una torre senza farla crollare. Perfetto per le serate in compagnia.', 'Hasbro', 'Party', 'jenga.jpeg', 90),
('Scarabeo', 24.99, 'Il classico gioco di parole dove i giocatori devono formare vocaboli sulla plancia, utilizzando lettere con punteggi diversi.', 'Hasbro', 'Gioco da tavolo', 'scrabble.jpeg', 65),
('Exploding Kittens', 19.99, 'Un gioco di carte strategico e imprevedibile, con illustrazioni umoristiche e regole semplici ma avvincenti.', 'Exploding Kittens LLC', 'Gioco di carte', 'explodingkittens.jpeg', 85),
('Call of Duty BO3', 69.99, 'Uno sparatutto in prima persona con una campagna coinvolgente, modalità multiplayer avanzata e missioni cooperative.', 'Activision', 'Videogioco', 'codbo3.jpeg', 55),
('Risiko', 44.99, 'Il gioco di strategia per eccellenza, dove i giocatori devono conquistare il mondo attraverso battaglie e alleanze.', 'Hasbro', 'Strategia', 'risiko.jpeg', 50),
('Zelda: Breath of the Wild', 59.99, 'Un epico gioco di avventura open-world con grafica spettacolare e una trama coinvolgente.', 'Nintendo', 'Videogioco', 'zelda.jpeg', 30),
('Trivial Pursuit', 29.99, 'Un quiz game classico con domande su vari argomenti. Perfetto per sfide tra amici e familiari.', 'Hasbro', 'Educativo', 'trivial.jpeg', 75),
('Twister', 22.99, 'Un gioco di movimento che mette alla prova la flessibilità e il divertimento dei partecipanti. Perfetto per le feste.', 'Hasbro', 'Party', 'twister.jpeg', 95),
('Escape Room in a Box', 34.99, 'Un esperienza da escape room direttamente a casa tua, con enigmi e sfide da risolvere in squadra.', 'Mattel', 'Puzzle', 'escaperoom.jpeg', 45),
('Aquilone', 15.99, 'Un aquilone colorato perfetto per giornate ventose al parco o in spiaggia. Facile da montare e resistente.', 'WindRider', 'Outdoor', 'acquilone.jpeg', 100),
('Fortnite', 49.99, 'Un battle royale frenetico con costruzioni strategiche e azione adrenalinica.', 'Epic Games', 'Azione', 'fortnite.jpeg', 60),
('Set Play-Doh', 14.99, 'Un set di pasta modellabile colorata, perfetto per stimolare la creatività dei bambini.', 'Hasbro', 'Giocattolo', 'playdoh.jpeg', 110),
('Carcassonne', 32.99, 'Un gioco di piazzamento tessere dove i giocatori costruiscono città, strade e campi per guadagnare punti.', 'Z-Man Games', 'Strategia', 'carcassonne.jpeg', 50),
('Guitar Hero', 59.99, 'Un gioco musicale in cui puoi suonare le tue canzoni preferite con una chitarra controller.', 'Activision', 'Videogioco', 'guitarhero.jpeg', 40),
('Brain Quest', 18.99, 'Un gioco educativo con quiz e domande per mettere alla prova le conoscenze dei più piccoli.', 'Workman Publishing', 'Educativo', 'brainquest.png', 80),
('Cards Against Humanity', 29.99, 'Un gioco di carte satirico e irriverente, perfetto per serate tra amici.', 'Cards Against Humanity LLC', 'Party', 'cardsagainsthumanity.png', 90),
('Spider-Man: La nascita di Venom', 24.99, 'Un classico del fumetto Marvel che racconta l origine di uno dei nemici più iconici di Spider-Man.', 'Marvel', 'Fumetto', 'spiderman-venom.jpg', 50),
('Batman: Il ritorno del Cavaliere Oscuro', 29.99, 'Una delle storie più celebri di Batman, scritta da Frank Miller. Un must per gli appassionati di fumetti.', 'DC Comics', 'Fumetto', 'BATMAN-Il-ritorno-del-cavaliere-oscuro.jpg', 40),
('One Piece Volume 1', 7.99, 'Il primo volume della celebre saga di Eiichiro Oda, che racconta le avventure di Monkey D. Luffy e la sua ciurma.', 'Shueisha', 'Manga', 'onepiece1.jpg', 100),
('Dragon Ball Z Volume 1', 9.99, 'Il primo volume della saga che ha reso celebre Goku e i suoi amici in tutto il mondo.', 'Shueisha', 'Manga', 'dragonball.jpg', 90),
('Death Note Volume 1', 8.99, 'Un thriller psicologico con un taccuino mortale, scritto da Tsugumi Ohba e illustrato da Takeshi Obata.', 'Shueisha', 'Manga', 'death-note.jpg', 80),
('Maus', 19.99, 'Una graphic novel vincitrice del premio Pulitzer, che racconta la storia dell Olocausto attraverso una narrazione unica.', 'Pantheon Books', 'Graphic Novel', 'maus.jpg', 60),
('V per Vendetta', 22.99, 'Una graphic novel di Alan Moore e David Lloyd, con una storia distopica che ha ispirato il celebre film.', 'DC Comics', 'Graphic Novel', 'vvendetta.jpg', 70),
('Funko Pop Spider-Man', 14.99, 'Una statuetta Funko Pop del celebre supereroe Marvel, perfetta per i collezionisti.', 'Funko', 'Funko Pop', 'spiderman-funko.jpg', 150),
('Funko Pop Pikachu', 16.99, 'Un Funko Pop dedicato a Pikachu, il Pokémon più iconico di sempre.', 'Funko', 'Funko Pop', 'pikachu.jpg', 130),
('Funko Pop Harry Potter', 15.99, 'Un Funko Pop ispirato al celebre maghetto della saga di J.K. Rowling.', 'Funko', 'Funko Pop', 'harry-potter-funko.jpg', 140);

INSERT INTO `funside`.`address` (`user`, `add`) VALUES
('jdoe', '123 Main St, Anytown, CA 12345'),
('bwhite', '789 Pine Rd, Anytown, CA 12345'),
('mjohnson', '101 Maple Dr, Someville, TX 78901'),
('emiller', '303 Oak Ave, Someville, TX 78901'),
('dwilliams', '404 Pine Rd, Anytown, CA 12345'),
('lgarcia', '505 Maple Dr, Someville, TX 78901'),
('klee', '606 Elm St, Anytown, CA 12345'),
('nmartin', '707 Oak Ave, Someville, TX 78901');

INSERT INTO `funside`.`order` (`dateorder`, `datedelivery`, `suspended`, `status`, `totalprice`, `user`) VALUES
('2024-01-15', '2024-01-18', 0, 'consegnato', 59.99, 'jdoe'),
('2024-03-15', '2024-03-18', 0, 'consegnato', 59.99, 'jdoe'),
('2024-03-10', '2024-03-12', 0, 'consegnato', 19.98, 'bwhite'),
('2024-01-20', NULL, 1, 'spedito', 34.99, 'bwhite'),
('2024-01-17', '2024-01-20', 0, 'consegnato', 9.99, 'mjohnson'),
('2024-01-12', '2024-01-15', 0, 'consegnato', 12.00, 'emiller'),
('2024-01-19', NULL, 0, 'ordinato', 54.99, 'emiller'),
('2024-01-08', '2024-01-11', 0, 'consegnato', 29.99, 'dwilliams'),
('2024-01-21', NULL, 0, 'spedito', 15.49, 'lgarcia'),
('2024-01-14', '2024-01-17', 0, 'consegnato', 39.99, 'klee'),
('2024-01-09', '2024-01-12', 0, 'consegnato', 49.99, 'nmartin'),
('2024-01-16', NULL, 0, 'in consegna', 14.99, 'jdoe'),
('2024-01-11', '2024-01-14', 0, 'consegnato', 59.99, 'klee'),
('2024-01-22', NULL, 0, 'ordinato', 34.99, 'bwhite'),
('2024-01-18', NULL, 0, 'spedito', 9.99, 'mjohnson'),
('2024-01-13', '2024-01-16', 0, 'consegnato', 12.00, 'mjohnson');

INSERT INTO `funside`.`orderdetail` (`product`, `order`, `quantity`, `total`) VALUES
(1, 1, 1, 29.99),
(2, 1, 2, 19.98),
(3, 2, 1, 15.49),
(4, 3, 1, 12.00),
(5, 4, 1, 34.99),
(6, 5, 1, 59.99),
(7, 6, 1, 39.99),
(8, 7, 1, 29.99),
(9, 8, 1, 39.99),
(10, 9, 1, 49.99),
(1, 10, 1, 29.99),
(2, 11, 1, 19.99),
(3, 12, 1, 15.49),
(4, 13, 1, 12.00),
(5, 14, 1, 34.99),
(6, 15, 1, 59.99),
(7, 1, 1, 39.99),
(8, 2, 1, 29.99),
(9, 3, 1, 39.99),
(10, 4, 1, 49.99),
(1, 5, 1, 29.99),
(2, 6, 1, 19.99),
(3, 7, 1, 15.49),
(4, 8, 1, 12.00),
(5, 9, 1, 34.99),
(6, 10, 1, 59.99),
(7, 11, 1, 39.99),
(8, 12, 1, 29.99),
(9, 13, 1, 39.99),
(10, 14, 1, 49.99),
(1, 15, 1, 29.99);



INSERT INTO `funside`.`notification` (`title`, `text`, `isRead`, `order`, `user`, `date`, `time`) VALUES
('Ordine #1 ordinato', 'Confermiamo la ricezione dell ordine #1', 0, 1, 'jdoe', '2024-01-15', '16:00:00'),
('Ordine #1 spedito', 'Il tuo ordine #1 e stato spedito', 0, 1, 'jdoe', '2024-01-16', '16:00:00'),
('Ordine #1 in consegna', 'Il tuo ordine #1 e in consegna', 0, 1, 'jdoe', '2024-01-17', '16:00:00'),
('Ordine #1 consegnato', 'Il tuo ordine #1 e stato consegnato', 0, 1, 'jdoe', '2024-01-18' ,'16:00:00'),
('Ordine #2 ordinato', 'Confermiamo la ricezione dell ordine #2', 0, 2, 'jdoe', '2024-03-15', '16:00:00'),
('Ordine #2 spedito', 'Il tuo ordine #2 è stato spedito', 0, 2, 'jdoe', '2024-03-16', '16:00:00'),
('Ordine #2 in consegna', 'Il tuo ordine #2 è in consegna', 0, 2, 'jdoe', '2024-03-17', '16:00:00'),
('Ordine #2 consegnato', 'Il tuo ordine #2 è stato consegnato', 0, 2, 'jdoe', '2024-03-18', '16:00:00'),
('Ordine #3 ordinato', 'Confermiamo la ricezione dell ordine #3', 0, 3, 'bwhite', '2024-03-10', '16:00:00'),
('Ordine #3 spedito', 'Il tuo ordine #3 è stato spedito', 0, 3, 'bwhite', '2024-03-11', '16:00:00'),
('Ordine #3 in consegna', 'Il tuo ordine #3 è in consegna', 0, 3, 'bwhite', '2024-03-12', '16:00:00'),
('Ordine #3 consegnato', 'Il tuo ordine #3 è stato consegnato', 0, 3, 'bwhite', '2024-03-12', '16:00:00'),
('Ordine #4 ordinato', 'Confermiamo la ricezione dell ordine #4', 0, 4, 'bwhite', '2024-01-20', '16:00:00'),
('Ordine #4 spedito', 'Il tuo ordine #4 è stato spedito', 0, 4, 'bwhite', DATE_ADD('2024-01-20', INTERVAL 1 DAY), '16:00:00'),
('Ordine #5 ordinato', 'Confermiamo la ricezione dell ordine #5', 0, 5, 'mjohnson', '2024-01-17', '16:00:00'),
('Ordine #5 spedito', 'Il tuo ordine #5 è stato spedito', 0, 5, 'mjohnson', '2024-01-18', '16:00:00'),
('Ordine #5 in consegna', 'Il tuo ordine #5 è in consegna', 0, 5, 'mjohnson', '2024-01-19', '16:00:00'),
('Ordine #5 consegnato', 'Il tuo ordine #5 è stato consegnato', 0, 5, 'mjohnson', '2024-01-20', '16:00:00'),
('Ordine #6 ordinato', 'Confermiamo la ricezione dell ordine #6', 0, 6, 'emiller', '2024-01-12', '16:00:00'),
('Ordine #6 spedito', 'Il tuo ordine #6 è stato spedito', 0, 6, 'emiller', '2024-01-13', '16:00:00'),
('Ordine #6 in consegna', 'Il tuo ordine #6 è in consegna', 0, 6, 'emiller', '2024-01-14', '16:00:00'),
('Ordine #6 consegnato', 'Il tuo ordine #6 è stato consegnato', 0, 6, 'emiller', '2024-01-15', '16:00:00'),
('Ordine #7 ordinato', 'Confermiamo la ricezione dell ordine #7', 0, 7, 'emiller', '2024-01-19', '16:00:00'),
('Ordine #8 ordinato', 'Confermiamo la ricezione dell ordine #8', 0, 8, 'dwilliams', '2024-01-08', '16:00:00'),
('Ordine #8 spedito', 'Il tuo ordine #8 è stato spedito', 0, 8, 'dwilliams', '2024-01-09', '16:00:00'),
('Ordine #8 in consegna', 'Il tuo ordine #8 è in consegna', 0, 8, 'dwilliams', '2024-01-10', '16:00:00'),
('Ordine #8 consegnato', 'Il tuo ordine #8 è stato consegnato', 0, 8, 'dwilliams', '2024-01-11', '16:00:00'),
('Ordine #9 ordinato', 'Confermiamo la ricezione dell ordine #9', 0, 9, 'lgarcia', '2024-01-21', '16:00:00'),
('Ordine #9 spedito', 'Il tuo ordine #9 è stato spedito', 0, 9, 'lgarcia', DATE_ADD('2024-01-21', INTERVAL 1 DAY), '16:00:00'),
('Ordine #10 ordinato', 'Confermiamo la ricezione dell ordine #10', 0, 10, 'klee', '2024-01-14', '16:00:00'),
('Ordine #10 spedito', 'Il tuo ordine #10 è stato spedito', 0, 10, 'klee', '2024-01-15', '16:00:00'),
('Ordine #10 in consegna', 'Il tuo ordine #10 è in consegna', 0, 10, 'klee', '2024-01-16', '16:00:00'),
('Ordine #10 consegnato', 'Il tuo ordine #10 è stato consegnato', 0, 10, 'klee', '2024-01-17', '16:00:00'),
('Ordine #11 ordinato', 'Confermiamo la ricezione dell ordine #11', 0, 11, 'nmartin', '2024-01-09', '16:00:00'),
('Ordine #11 spedito', 'Il tuo ordine #11 è stato spedito', 0, 11, 'nmartin', '2024-01-10', '16:00:00'),
('Ordine #11 in consegna', 'Il tuo ordine #11 è in consegna', 0, 11, 'nmartin', '2024-01-11', '16:00:00'),
('Ordine #11 consegnato', 'Il tuo ordine #11 è stato consegnato', 0, 11, 'nmartin', '2024-01-12', '16:00:00'),
('Ordine #12 ordinato', 'Confermiamo la ricezione dell ordine #12', 0, 12, 'jdoe', '2024-01-16', '16:00:00'),
('Ordine #12 spedito', 'Il tuo ordine #12 è stato spedito', 0, 12, 'jdoe', DATE_ADD('2024-01-16', INTERVAL 1 DAY), '16:00:00'),
('Ordine #12 in consegna', 'Il tuo ordine #12 è in consegna', 0, 12, 'jdoe', DATE_ADD('2024-01-16', INTERVAL 2 DAY), '16:00:00'),
('Ordine #13 ordinato', 'Confermiamo la ricezione dell ordine #13', 0, 13, 'klee', '2024-01-11', '16:00:00'),
('Ordine #13 spedito', 'Il tuo ordine #13 è stato spedito', 0, 13, 'klee', '2024-01-12', '16:00:00'),
('Ordine #13 in consegna', 'Il tuo ordine #13 è in consegna', 0, 13, 'klee', '2024-01-13', '16:00:00'),
('Ordine #13 consegnato', 'Il tuo ordine #13 è stato consegnato', 0, 13, 'klee', '2024-01-14', '16:00:00'),
('Ordine #14 ordinato', 'Confermiamo la ricezione dell ordine #14', 0, 14, 'bwhite', '2024-01-22', '16:00:00'),
('Ordine #15 ordinato', 'Confermiamo la ricezione dell ordine #15', 0, 15, 'mjohnson', '2024-01-18', '16:00:00'),
('Ordine #15 spedito', 'Il tuo ordine #15 è stato spedito', 0, 15, 'mjohnson', DATE_ADD('2024-01-18', INTERVAL 1 DAY), '16:00:00'),
('Ordine #16 ordinato', 'Confermiamo la ricezione dell ordine #16', 0, 16, 'mjohnson', '2024-01-13', '16:00:00'),
('Ordine #16 spedito', 'Il tuo ordine #16 è stato spedito', 0, 16, 'mjohnson', '2024-01-14', '16:00:00'),
('Ordine #16 in consegna', 'Il tuo ordine #16 è in consegna', 0, 16, 'mjohnson', '2024-01-15', '16:00:00'),
('Ordine #16 consegnato', 'Il tuo ordine #16 è stato consegnato', 0, 16, 'mjohnson', '2024-01-16', '16:00:00');


-- Inserimenti delle review in italiano
INSERT INTO `funside`.`review` (`product`, `user`, `rating`, `text`) VALUES
(1, 'jdoe', 5, 'Un classico intramontabile! Perfetto per allenare la mente.'),
(2, 'mjohnson', 4, 'Divertente da giocare con amici, anche se a volte le regole sono un po caotiche.'),
(3, 'bwhite', 5, 'Sempre una sfida stimolante! Non mi stanco mai di risolverlo.'),
(4, 'klee', 3, 'Buono per il parco, ma la qualità della plastica potrebbe essere migliore.'),
(5, 'lgarcia', 5, 'Un must-have per le serate in famiglia! Adoriamo le sfide.'),
(6, 'nmartin', 4, 'Grafica migliorata, ma il gameplay sembra sempre lo stesso.'),
(7, 'asmith', 5, 'Perfetto per i bambini, ma anche per gli adulti appassionati di costruzioni.'),
(8, 'dwilliams', 4, 'Molto strategico, ma le prime partite possono essere difficili da capire.'),
(9, 'rthompson', 5, 'Uno dei migliori giochi di corse, super divertente con gli amici!'),
(10, 'nicho', 3, 'Divertente, ma la qualità del legno potrebbe essere migliore.'),
(11, 'emiller', 5, 'Perfetto per gli amanti delle parole! Stimola la creatività.'),
(12, 'jdoe', 4, 'Un gioco originale e imprevedibile, ma può essere un po frustrante.'),
(13, 'mjohnson', 5, 'Perfetto per chi ama la logica! Ottimo libro di puzzle.'),
(14, 'bwhite', 4, 'Il set è buono, ma le racchette potrebbero essere più resistenti.'),
(15, 'lgarcia', 5, 'Adrenalina pura! Uno dei migliori giochi di guerra.'),
(16, 'nmartin', 5, 'Regalo perfetto per i bambini, molto morbido e di alta qualità.'),
(17, 'asmith', 4, 'Grande classico della strategia, anche se le partite possono essere lunghe.'),
(18, 'dwilliams', 5, 'Gioco incredibile! Il mondo aperto è spettacolare.'),
(19, 'rthompson', 4, 'Ottimo gioco per sfidare amici e famiglia, molto coinvolgente.'),
(20, 'nichoA', 5, 'Divertentissimo, perfetto per le feste!'),
(21, 'klee', 4, 'Buon kit per principianti, ma le carte avanzate sono difficili da trovare.'),
(22, 'emiller', 5, 'Esperienza fantastica! Sembra davvero di essere in un escape room.'),
(23, 'jdoe', 3, 'Molto colorato e divertente, ma il vento deve essere perfetto.'),
(24, 'mjohnson', 5, 'Fantastico battle royale, grafica e gameplay spettacolari!'),
(24, 'bwhite', 4, 'I bambini lo adorano! Stimola la creatività in modo divertente.');



UPDATE funside.product 
SET avgrating = (
    SELECT AVG(rating) 
    FROM funside.review 
    WHERE funside.review.product = funside.product.idproduct
) 
WHERE idproduct IN (
    SELECT DISTINCT product FROM funside.review
);

INSERT INTO `funside`.`cartdetail` (product, user, quantity) VALUES
(1, 'bwhite', 1)